"Evaluation Overview, all Databases, Test Series TINY"
QueryScenario,Phase,"sqlite4java","SQLite-Xerial","PostgreSQL","ArangoDB","MongoDB","Virtuoso","Fuseki"
Set up,,"19.92","101.54","251.00","200.22","4.63","1.08","0.00"
Load,,"333.77","275.47","485.82","730.97","634.28","120.36","971.71"
ENTITY_RETRIEVAL_BY_ID_ONE_ENTITY,Prepare,"9.56","9.12","15.74","15.43","18.56","172.37","216.21"
ENTITY_RETRIEVAL_BY_ID_ONE_ENTITY,Query,"0.45","0.14","0.95","2.42","1.77","6.88","33.65"
ENTITY_RETRIEVAL_BY_ID_TEN_ENTITIES,Prepare,"1.72","6.49","30.24","10.79","6.71","12.79","75.56"
ENTITY_RETRIEVAL_BY_ID_TEN_ENTITIES,Query,"0.84","0.39","2.25","22.71","5.72","236.84","37.33"
ENTITY_RETRIEVAL_BY_ID_100_ENTITIES,Prepare,"2.77","8.02","28.29","13.18","8.40","25.06","141.25"
ENTITY_RETRIEVAL_BY_ID_100_ENTITIES,Query,"2.35","1.87","7.80","187.92","54.01","786.02","135.20"
AGGREGATE_PUBLICATIONS_PER_PUBLISHER_TOP10,Prepare,"4.27","3.85","12.27","0.00","0.00","1.37","0.39"
AGGREGATE_PUBLICATIONS_PER_PUBLISHER_TOP10,Query,"0.68","0.31","1.20","2.70","5.41","0.51","23.15"
AGGREGATE_PUBLICATIONS_PER_PUBLISHER_TOP100,Prepare,"0.46","4.20","25.93","0.00","0.00","1.13","0.69"
AGGREGATE_PUBLICATIONS_PER_PUBLISHER_TOP100,Query,"0.58","0.33","1.05","2.73","1.73","0.58","14.07"
AGGREGATE_PUBLICATIONS_PER_PUBLISHER_ALL,Prepare,"0.34","4.10","28.98","0.00","0.00","1.11","0.43"
AGGREGATE_PUBLICATIONS_PER_PUBLISHER_ALL,Query,"0.56","0.28","0.97","2.60","1.60","0.67","16.23"
AGGREGATE_ISSUES_PER_DECADE_TOP10,Prepare,"0.44","5.26","28.23","0.00","0.00","1.27","0.44"
AGGREGATE_ISSUES_PER_DECADE_TOP10,Query,"0.82","1.77","1.32","20.77","2.01","2.79","23.43"
AGGREGATE_ISSUES_PER_DECADE_TOP100,Prepare,"0.42","7.29","28.90","0.00","0.00","1.35","0.39"
AGGREGATE_ISSUES_PER_DECADE_TOP100,Query,"0.87","2.06","1.34","13.98","1.94","2.83","13.70"
AGGREGATE_ISSUES_PER_DECADE_ALL,Prepare,"0.45","7.08","28.22","0.00","0.00","1.18","0.29"
AGGREGATE_ISSUES_PER_DECADE_ALL,Query,"0.82","1.84","1.51","13.76","1.70","3.31","10.48"
CONDITIONAL_TABLE_SCAN_ALL_STUDIES,Prepare,"0.41","6.12","13.70","26.47","0.00","7.04","0.41"
CONDITIONAL_TABLE_SCAN_ALL_STUDIES,Query,"1.93","3.19","2.50","3.04","3.73","227.69","136.03"
CONDITIONAL_TABLE_SCAN_ALL_BIBLIOGRAPHIC_RESOURCES,Prepare,"0.43","1.75","11.35","0.00","0.00","7.02","0.49"
CONDITIONAL_TABLE_SCAN_ALL_BIBLIOGRAPHIC_RESOURCES,Query,"17.13","16.12","13.92","51.25","11.93","2371.48","855.27"
CONDITIONAL_TABLE_SCAN_ALL_BIBLIOGRAPHIC_RESOURCES_AND_STUDIES,Prepare,"0.59","1.70","30.19","0.00","0.00","7.33","0.69"
CONDITIONAL_TABLE_SCAN_ALL_BIBLIOGRAPHIC_RESOURCES_AND_STUDIES,Query,"2.14","3.35","3.02","14.53","3.24","231.32","301.07"
GRAPH_LIKE_RELATED_BY_DCTERMS_SUBJECTS_1HOP_ONE_ENTITY,Prepare,"216.96","219.92","35.88","118.35","0.81","6.26","13.28"
GRAPH_LIKE_RELATED_BY_DCTERMS_SUBJECTS_1HOP_ONE_ENTITY,Query,"0.06","0.04","0.74","5.17","2.72","0.22","9.18"
GRAPH_LIKE_RELATED_BY_DCTERMS_SUBJECTS_1HOP_10_ENTITIES,Prepare,"1.35","2.49","11.61","8.75","1.37","4.46","11.72"
GRAPH_LIKE_RELATED_BY_DCTERMS_SUBJECTS_1HOP_10_ENTITIES,Query,"0.06","0.07","0.72","31.78","19.74","0.18","10.77"
GRAPH_LIKE_RELATED_BY_DCTERMS_SUBJECTS_1HOP_100_ENTITIES,Prepare,"1.38","2.52","13.35","13.54","1.38","0.67","9.81"
GRAPH_LIKE_RELATED_BY_DCTERMS_SUBJECTS_1HOP_100_ENTITIES,Query,"0.09","0.06","0.91","218.28","17.57","0.19","6.54"
SCHEMA_CHANGE_INTRODUCE_NEW_PROPERTY,Prepare,"4.47","1.24","9.07","0.00","0.00","1.16","2.54"
SCHEMA_CHANGE_INTRODUCE_NEW_PROPERTY,Query,"0.84","1.06","34.24","49.43","9.70","176.44","189.83"
SCHEMA_CHANGE_INTRODUCE_STRING_OP,Prepare,"0.48","4.94","14.10","0.00","0.00","1.65","1.31"
SCHEMA_CHANGE_INTRODUCE_STRING_OP,Query,"0.69","0.78","28.33","76.93","192.58","1.96","8.69"
SCHEMA_CHANGE_MIGRATE_RDF_TYPE,Prepare,"0.59","1.80","26.91","0.00","0.00","82.88","2.82"
SCHEMA_CHANGE_MIGRATE_RDF_TYPE,Query,"0.56","0.91","134.75","232.24","16.61","888.77","394.62"
SCHEMA_CHANGE_REMOVE_RDF_TYPE,Prepare,"0.67","1.63","10.46","0.00","0.00","1.49","0.92"
SCHEMA_CHANGE_REMOVE_RDF_TYPE,Query,"0.03","0.03","18.02","59.35","3.42","0.19","4.21"
UPDATE_LOW_SELECTIVITY_PAPER_MEDIUM,Prepare,"0.30","4.37","14.44","0.00","0.00","1.36","0.68"
UPDATE_LOW_SELECTIVITY_PAPER_MEDIUM,Query,"6.92","12.78","37.65","51.10","3.34","26.65","38.77"
UPDATE_HIGH_SELECTIVITY_NON_ISSUED,Prepare,"0.50","6.31","14.39","0.00","0.00","2.34","18.51"
UPDATE_HIGH_SELECTIVITY_NON_ISSUED,Query,"1.01","1.05","1.52","10.21","0.62","3.29","90.50"
DELETE_LOW_SELECTIVITY_PAPER_MEDIUM,Prepare,"0.45","5.28","28.30","0.00","0.00","1.64","0.85"
DELETE_LOW_SELECTIVITY_PAPER_MEDIUM,Query,"3.54","12.15","2.88","5.31","6.96","458.68","5.41"
DELETE_HIGH_SELECTIVIY_NON_ISSUED,Prepare,"0.47","2.97","29.22","0.00","0.00","21.94","0.81"
DELETE_HIGH_SELECTIVIY_NON_ISSUED,Query,"0.08","0.05","1.07","0.66","0.32","1.17","4.75"

Test Series Datasets
Test Series TINY,Dataset Size
hebis_1000_records,"0.077 MB"

"Evaluation Details for sqlite4java, Version 392 with SQLite 3.8.7, Test Series TINY"
QueryScenario,Phase,First time,Average time,Min time,Max time
Set up,,"19.92"
Load,,"333.77"
ENTITY_RETRIEVAL_BY_ID_ONE_ENTITY,Prepare,"9.56"
ENTITY_RETRIEVAL_BY_ID_ONE_ENTITY,Query,"1.15","0.45","0.12","1.15"
ENTITY_RETRIEVAL_BY_ID_TEN_ENTITIES,Prepare,"1.72"
ENTITY_RETRIEVAL_BY_ID_TEN_ENTITIES,Query,"0.76","0.84","0.47","0.76"
ENTITY_RETRIEVAL_BY_ID_100_ENTITIES,Prepare,"2.77"
ENTITY_RETRIEVAL_BY_ID_100_ENTITIES,Query,"2.90","2.35","2.09","2.90"
AGGREGATE_PUBLICATIONS_PER_PUBLISHER_TOP10,Prepare,"4.27"
AGGREGATE_PUBLICATIONS_PER_PUBLISHER_TOP10,Query,"0.98","0.68","0.55","0.98"
AGGREGATE_PUBLICATIONS_PER_PUBLISHER_TOP100,Prepare,"0.46"
AGGREGATE_PUBLICATIONS_PER_PUBLISHER_TOP100,Query,"0.59","0.58","0.57","0.59"
AGGREGATE_PUBLICATIONS_PER_PUBLISHER_ALL,Prepare,"0.34"
AGGREGATE_PUBLICATIONS_PER_PUBLISHER_ALL,Query,"0.56","0.56","0.55","0.56"
AGGREGATE_ISSUES_PER_DECADE_TOP10,Prepare,"0.44"
AGGREGATE_ISSUES_PER_DECADE_TOP10,Query,"0.86","0.82","0.81","0.86"
AGGREGATE_ISSUES_PER_DECADE_TOP100,Prepare,"0.42"
AGGREGATE_ISSUES_PER_DECADE_TOP100,Query,"0.85","0.87","0.85","0.90"
AGGREGATE_ISSUES_PER_DECADE_ALL,Prepare,"0.45"
AGGREGATE_ISSUES_PER_DECADE_ALL,Query,"0.84","0.82","0.82","0.84"
CONDITIONAL_TABLE_SCAN_ALL_STUDIES,Prepare,"0.41"
CONDITIONAL_TABLE_SCAN_ALL_STUDIES,Query,"1.97","1.93","1.88","1.97"
CONDITIONAL_TABLE_SCAN_ALL_BIBLIOGRAPHIC_RESOURCES,Prepare,"0.43"
CONDITIONAL_TABLE_SCAN_ALL_BIBLIOGRAPHIC_RESOURCES,Query,"18.60","17.13","18.16","18.60"
CONDITIONAL_TABLE_SCAN_ALL_BIBLIOGRAPHIC_RESOURCES_AND_STUDIES,Prepare,"0.59"
CONDITIONAL_TABLE_SCAN_ALL_BIBLIOGRAPHIC_RESOURCES_AND_STUDIES,Query,"2.26","2.14","2.17","2.26"
GRAPH_LIKE_RELATED_BY_DCTERMS_SUBJECTS_1HOP_ONE_ENTITY,Prepare,"216.96"
GRAPH_LIKE_RELATED_BY_DCTERMS_SUBJECTS_1HOP_ONE_ENTITY,Query,"0.10","0.06","0.05","0.10"
GRAPH_LIKE_RELATED_BY_DCTERMS_SUBJECTS_1HOP_10_ENTITIES,Prepare,"1.35"
GRAPH_LIKE_RELATED_BY_DCTERMS_SUBJECTS_1HOP_10_ENTITIES,Query,"0.08","0.06","0.06","0.08"
GRAPH_LIKE_RELATED_BY_DCTERMS_SUBJECTS_1HOP_100_ENTITIES,Prepare,"1.38"
GRAPH_LIKE_RELATED_BY_DCTERMS_SUBJECTS_1HOP_100_ENTITIES,Query,"0.07","0.09","0.06","0.07"
SCHEMA_CHANGE_INTRODUCE_NEW_PROPERTY,Prepare,"4.47"
SCHEMA_CHANGE_INTRODUCE_NEW_PROPERTY,Query,"0.84"
SCHEMA_CHANGE_INTRODUCE_STRING_OP,Prepare,"0.48"
SCHEMA_CHANGE_INTRODUCE_STRING_OP,Query,"0.69"
SCHEMA_CHANGE_MIGRATE_RDF_TYPE,Prepare,"0.59"
SCHEMA_CHANGE_MIGRATE_RDF_TYPE,Query,"0.56"
SCHEMA_CHANGE_REMOVE_RDF_TYPE,Prepare,"0.67"
SCHEMA_CHANGE_REMOVE_RDF_TYPE,Query,"0.03"
UPDATE_LOW_SELECTIVITY_PAPER_MEDIUM,Prepare,"0.30"
UPDATE_LOW_SELECTIVITY_PAPER_MEDIUM,Query,"6.92"
UPDATE_HIGH_SELECTIVITY_NON_ISSUED,Prepare,"0.50"
UPDATE_HIGH_SELECTIVITY_NON_ISSUED,Query,"1.01"
DELETE_LOW_SELECTIVITY_PAPER_MEDIUM,Prepare,"0.45"
DELETE_LOW_SELECTIVITY_PAPER_MEDIUM,Query,"3.54"
DELETE_HIGH_SELECTIVIY_NON_ISSUED,Prepare,"0.47"
DELETE_HIGH_SELECTIVIY_NON_ISSUED,Query,"0.08"

"Evaluation Details for SQLite-Xerial, Version 3.8.11, Test Series TINY"
QueryScenario,Phase,First time,Average time,Min time,Max time
Set up,,"101.54"
Load,,"275.47"
ENTITY_RETRIEVAL_BY_ID_ONE_ENTITY,Prepare,"9.12"
ENTITY_RETRIEVAL_BY_ID_ONE_ENTITY,Query,"0.26","0.14","0.10","0.26"
ENTITY_RETRIEVAL_BY_ID_TEN_ENTITIES,Prepare,"6.49"
ENTITY_RETRIEVAL_BY_ID_TEN_ENTITIES,Query,"0.43","0.39","0.42","0.43"
ENTITY_RETRIEVAL_BY_ID_100_ENTITIES,Prepare,"8.02"
ENTITY_RETRIEVAL_BY_ID_100_ENTITIES,Query,"1.95","1.87","1.88","1.95"
AGGREGATE_PUBLICATIONS_PER_PUBLISHER_TOP10,Prepare,"3.85"
AGGREGATE_PUBLICATIONS_PER_PUBLISHER_TOP10,Query,"0.35","0.31","0.29","0.35"
AGGREGATE_PUBLICATIONS_PER_PUBLISHER_TOP100,Prepare,"4.20"
AGGREGATE_PUBLICATIONS_PER_PUBLISHER_TOP100,Query,"0.37","0.33","0.32","0.37"
AGGREGATE_PUBLICATIONS_PER_PUBLISHER_ALL,Prepare,"4.10"
AGGREGATE_PUBLICATIONS_PER_PUBLISHER_ALL,Query,"0.30","0.28","0.27","0.30"
AGGREGATE_ISSUES_PER_DECADE_TOP10,Prepare,"5.26"
AGGREGATE_ISSUES_PER_DECADE_TOP10,Query,"2.32","1.77","1.58","2.32"
AGGREGATE_ISSUES_PER_DECADE_TOP100,Prepare,"7.29"
AGGREGATE_ISSUES_PER_DECADE_TOP100,Query,"2.73","2.06","1.83","2.73"
AGGREGATE_ISSUES_PER_DECADE_ALL,Prepare,"7.08"
AGGREGATE_ISSUES_PER_DECADE_ALL,Query,"2.19","1.84","1.36","2.19"
CONDITIONAL_TABLE_SCAN_ALL_STUDIES,Prepare,"6.12"
CONDITIONAL_TABLE_SCAN_ALL_STUDIES,Query,"3.95","3.19","2.89","3.95"
CONDITIONAL_TABLE_SCAN_ALL_BIBLIOGRAPHIC_RESOURCES,Prepare,"1.75"
CONDITIONAL_TABLE_SCAN_ALL_BIBLIOGRAPHIC_RESOURCES,Query,"17.41","16.12","15.93","17.41"
CONDITIONAL_TABLE_SCAN_ALL_BIBLIOGRAPHIC_RESOURCES_AND_STUDIES,Prepare,"1.70"
CONDITIONAL_TABLE_SCAN_ALL_BIBLIOGRAPHIC_RESOURCES_AND_STUDIES,Query,"3.79","3.35","3.21","3.79"
GRAPH_LIKE_RELATED_BY_DCTERMS_SUBJECTS_1HOP_ONE_ENTITY,Prepare,"219.92"
GRAPH_LIKE_RELATED_BY_DCTERMS_SUBJECTS_1HOP_ONE_ENTITY,Query,"0.07","0.04","0.03","0.07"
GRAPH_LIKE_RELATED_BY_DCTERMS_SUBJECTS_1HOP_10_ENTITIES,Prepare,"2.49"
GRAPH_LIKE_RELATED_BY_DCTERMS_SUBJECTS_1HOP_10_ENTITIES,Query,"0.07","0.07","0.06","0.07"
GRAPH_LIKE_RELATED_BY_DCTERMS_SUBJECTS_1HOP_100_ENTITIES,Prepare,"2.52"
GRAPH_LIKE_RELATED_BY_DCTERMS_SUBJECTS_1HOP_100_ENTITIES,Query,"0.06","0.06","0.06","0.06"
SCHEMA_CHANGE_INTRODUCE_NEW_PROPERTY,Prepare,"1.24"
SCHEMA_CHANGE_INTRODUCE_NEW_PROPERTY,Query,"1.06"
SCHEMA_CHANGE_INTRODUCE_STRING_OP,Prepare,"4.94"
SCHEMA_CHANGE_INTRODUCE_STRING_OP,Query,"0.78"
SCHEMA_CHANGE_MIGRATE_RDF_TYPE,Prepare,"1.80"
SCHEMA_CHANGE_MIGRATE_RDF_TYPE,Query,"0.91"
SCHEMA_CHANGE_REMOVE_RDF_TYPE,Prepare,"1.63"
SCHEMA_CHANGE_REMOVE_RDF_TYPE,Query,"0.03"
UPDATE_LOW_SELECTIVITY_PAPER_MEDIUM,Prepare,"4.37"
UPDATE_LOW_SELECTIVITY_PAPER_MEDIUM,Query,"12.78"
UPDATE_HIGH_SELECTIVITY_NON_ISSUED,Prepare,"6.31"
UPDATE_HIGH_SELECTIVITY_NON_ISSUED,Query,"1.05"
DELETE_LOW_SELECTIVITY_PAPER_MEDIUM,Prepare,"5.28"
DELETE_LOW_SELECTIVITY_PAPER_MEDIUM,Query,"12.15"
DELETE_HIGH_SELECTIVIY_NON_ISSUED,Prepare,"2.97"
DELETE_HIGH_SELECTIVIY_NON_ISSUED,Query,"0.05"

"Evaluation Details for PostgreSQL, Version PostgreSQL 9.4.4 on x86_64-apple-darwin14.3.0, compiled by Apple LLVM version 6.1.0 (clang-602.0.53) (based on LLVM 3.6.0svn), 64-bit / 9.4-1201-jdbc41, Test Series TINY"
QueryScenario,Phase,First time,Average time,Min time,Max time
Set up,,"251.00"
Load,,"485.82"
ENTITY_RETRIEVAL_BY_ID_ONE_ENTITY,Prepare,"15.74"
ENTITY_RETRIEVAL_BY_ID_ONE_ENTITY,Query,"1.87","0.95","0.51","1.87"
ENTITY_RETRIEVAL_BY_ID_TEN_ENTITIES,Prepare,"30.24"
ENTITY_RETRIEVAL_BY_ID_TEN_ENTITIES,Query,"2.94","2.25","1.92","2.94"
ENTITY_RETRIEVAL_BY_ID_100_ENTITIES,Prepare,"28.29"
ENTITY_RETRIEVAL_BY_ID_100_ENTITIES,Query,"6.86","7.80","6.86","9.25"
AGGREGATE_PUBLICATIONS_PER_PUBLISHER_TOP10,Prepare,"12.27"
AGGREGATE_PUBLICATIONS_PER_PUBLISHER_TOP10,Query,"2.25","1.20","0.73","2.25"
AGGREGATE_PUBLICATIONS_PER_PUBLISHER_TOP100,Prepare,"25.93"
AGGREGATE_PUBLICATIONS_PER_PUBLISHER_TOP100,Query,"1.76","1.05","0.59","1.76"
AGGREGATE_PUBLICATIONS_PER_PUBLISHER_ALL,Prepare,"28.98"
AGGREGATE_PUBLICATIONS_PER_PUBLISHER_ALL,Query,"1.73","0.97","0.60","1.73"
AGGREGATE_ISSUES_PER_DECADE_TOP10,Prepare,"28.23"
AGGREGATE_ISSUES_PER_DECADE_TOP10,Query,"2.40","1.32","0.82","2.40"
AGGREGATE_ISSUES_PER_DECADE_TOP100,Prepare,"28.90"
AGGREGATE_ISSUES_PER_DECADE_TOP100,Query,"2.23","1.34","0.87","2.23"
AGGREGATE_ISSUES_PER_DECADE_ALL,Prepare,"28.22"
AGGREGATE_ISSUES_PER_DECADE_ALL,Query,"2.28","1.51","1.36","2.28"
CONDITIONAL_TABLE_SCAN_ALL_STUDIES,Prepare,"13.70"
CONDITIONAL_TABLE_SCAN_ALL_STUDIES,Query,"3.97","2.50","1.77","3.97"
CONDITIONAL_TABLE_SCAN_ALL_BIBLIOGRAPHIC_RESOURCES,Prepare,"11.35"
CONDITIONAL_TABLE_SCAN_ALL_BIBLIOGRAPHIC_RESOURCES,Query,"14.20","13.92","12.90","14.20"
CONDITIONAL_TABLE_SCAN_ALL_BIBLIOGRAPHIC_RESOURCES_AND_STUDIES,Prepare,"30.19"
CONDITIONAL_TABLE_SCAN_ALL_BIBLIOGRAPHIC_RESOURCES_AND_STUDIES,Query,"3.94","3.02","2.36","3.94"
GRAPH_LIKE_RELATED_BY_DCTERMS_SUBJECTS_1HOP_ONE_ENTITY,Prepare,"35.88"
GRAPH_LIKE_RELATED_BY_DCTERMS_SUBJECTS_1HOP_ONE_ENTITY,Query,"1.06","0.74","0.57","1.06"
GRAPH_LIKE_RELATED_BY_DCTERMS_SUBJECTS_1HOP_10_ENTITIES,Prepare,"11.61"
GRAPH_LIKE_RELATED_BY_DCTERMS_SUBJECTS_1HOP_10_ENTITIES,Query,"1.15","0.72","0.53","1.15"
GRAPH_LIKE_RELATED_BY_DCTERMS_SUBJECTS_1HOP_100_ENTITIES,Prepare,"13.35"
GRAPH_LIKE_RELATED_BY_DCTERMS_SUBJECTS_1HOP_100_ENTITIES,Query,"1.09","0.91","0.88","1.09"
SCHEMA_CHANGE_INTRODUCE_NEW_PROPERTY,Prepare,"9.07"
SCHEMA_CHANGE_INTRODUCE_NEW_PROPERTY,Query,"34.24"
SCHEMA_CHANGE_INTRODUCE_STRING_OP,Prepare,"14.10"
SCHEMA_CHANGE_INTRODUCE_STRING_OP,Query,"28.33"
SCHEMA_CHANGE_MIGRATE_RDF_TYPE,Prepare,"26.91"
SCHEMA_CHANGE_MIGRATE_RDF_TYPE,Query,"134.75"
SCHEMA_CHANGE_REMOVE_RDF_TYPE,Prepare,"10.46"
SCHEMA_CHANGE_REMOVE_RDF_TYPE,Query,"18.02"
UPDATE_LOW_SELECTIVITY_PAPER_MEDIUM,Prepare,"14.44"
UPDATE_LOW_SELECTIVITY_PAPER_MEDIUM,Query,"37.65"
UPDATE_HIGH_SELECTIVITY_NON_ISSUED,Prepare,"14.39"
UPDATE_HIGH_SELECTIVITY_NON_ISSUED,Query,"1.52"
DELETE_LOW_SELECTIVITY_PAPER_MEDIUM,Prepare,"28.30"
DELETE_LOW_SELECTIVITY_PAPER_MEDIUM,Query,"2.88"
DELETE_HIGH_SELECTIVIY_NON_ISSUED,Prepare,"29.22"
DELETE_HIGH_SELECTIVIY_NON_ISSUED,Query,"1.07"

"Evaluation Details for ArangoDB, Version 2.6.9 64bit -- ICU 54.1, V8 4.1.0.27, OpenSSL 1.0.2d 9 Jul 2015 / Java Driver 2.6.8, Test Series TINY"
QueryScenario,Phase,First time,Average time,Min time,Max time
Set up,,"200.22"
Load,,"730.97"
ENTITY_RETRIEVAL_BY_ID_ONE_ENTITY,Prepare,"15.43"
ENTITY_RETRIEVAL_BY_ID_ONE_ENTITY,Query,"2.71","2.42","2.34","2.71"
ENTITY_RETRIEVAL_BY_ID_TEN_ENTITIES,Prepare,"10.79"
ENTITY_RETRIEVAL_BY_ID_TEN_ENTITIES,Query,"23.89","22.71","23.89","24.13"
ENTITY_RETRIEVAL_BY_ID_100_ENTITIES,Prepare,"13.18"
ENTITY_RETRIEVAL_BY_ID_100_ENTITIES,Query,"183.76","187.92","181.98","183.76"
AGGREGATE_PUBLICATIONS_PER_PUBLISHER_TOP10,Prepare,"0.00"
AGGREGATE_PUBLICATIONS_PER_PUBLISHER_TOP10,Query,"2.48","2.70","2.48","2.64"
AGGREGATE_PUBLICATIONS_PER_PUBLISHER_TOP100,Prepare,"0.00"
AGGREGATE_PUBLICATIONS_PER_PUBLISHER_TOP100,Query,"2.90","2.73","2.69","2.90"
AGGREGATE_PUBLICATIONS_PER_PUBLISHER_ALL,Prepare,"0.00"
AGGREGATE_PUBLICATIONS_PER_PUBLISHER_ALL,Query,"2.70","2.60","2.42","2.70"
AGGREGATE_ISSUES_PER_DECADE_TOP10,Prepare,"0.00"
AGGREGATE_ISSUES_PER_DECADE_TOP10,Query,"29.01","20.77","20.96","29.01"
AGGREGATE_ISSUES_PER_DECADE_TOP100,Prepare,"0.00"
AGGREGATE_ISSUES_PER_DECADE_TOP100,Query,"14.21","13.98","13.73","14.21"
AGGREGATE_ISSUES_PER_DECADE_ALL,Prepare,"0.00"
AGGREGATE_ISSUES_PER_DECADE_ALL,Query,"13.01","13.76","13.01","13.91"
CONDITIONAL_TABLE_SCAN_ALL_STUDIES,Prepare,"26.47"
CONDITIONAL_TABLE_SCAN_ALL_STUDIES,Query,"3.58","3.04","2.61","3.58"
CONDITIONAL_TABLE_SCAN_ALL_BIBLIOGRAPHIC_RESOURCES,Prepare,"0.00"
CONDITIONAL_TABLE_SCAN_ALL_BIBLIOGRAPHIC_RESOURCES,Query,"57.40","51.25","52.81","57.40"
CONDITIONAL_TABLE_SCAN_ALL_BIBLIOGRAPHIC_RESOURCES_AND_STUDIES,Prepare,"0.00"
CONDITIONAL_TABLE_SCAN_ALL_BIBLIOGRAPHIC_RESOURCES_AND_STUDIES,Query,"15.36","14.53","12.94","15.36"
GRAPH_LIKE_RELATED_BY_DCTERMS_SUBJECTS_1HOP_ONE_ENTITY,Prepare,"118.35"
GRAPH_LIKE_RELATED_BY_DCTERMS_SUBJECTS_1HOP_ONE_ENTITY,Query,"6.98","5.17","4.18","6.98"
GRAPH_LIKE_RELATED_BY_DCTERMS_SUBJECTS_1HOP_10_ENTITIES,Prepare,"8.75"
GRAPH_LIKE_RELATED_BY_DCTERMS_SUBJECTS_1HOP_10_ENTITIES,Query,"32.42","31.78","32.42","34.28"
GRAPH_LIKE_RELATED_BY_DCTERMS_SUBJECTS_1HOP_100_ENTITIES,Prepare,"13.54"
GRAPH_LIKE_RELATED_BY_DCTERMS_SUBJECTS_1HOP_100_ENTITIES,Query,"219.63","218.28","219.63","222.51"
SCHEMA_CHANGE_INTRODUCE_NEW_PROPERTY,Prepare,"0.00"
SCHEMA_CHANGE_INTRODUCE_NEW_PROPERTY,Query,"49.43"
SCHEMA_CHANGE_INTRODUCE_STRING_OP,Prepare,"0.00"
SCHEMA_CHANGE_INTRODUCE_STRING_OP,Query,"76.93"
SCHEMA_CHANGE_MIGRATE_RDF_TYPE,Prepare,"0.00"
SCHEMA_CHANGE_MIGRATE_RDF_TYPE,Query,"232.24"
SCHEMA_CHANGE_REMOVE_RDF_TYPE,Prepare,"0.00"
SCHEMA_CHANGE_REMOVE_RDF_TYPE,Query,"59.35"
UPDATE_LOW_SELECTIVITY_PAPER_MEDIUM,Prepare,"0.00"
UPDATE_LOW_SELECTIVITY_PAPER_MEDIUM,Query,"51.10"
UPDATE_HIGH_SELECTIVITY_NON_ISSUED,Prepare,"0.00"
UPDATE_HIGH_SELECTIVITY_NON_ISSUED,Query,"10.21"
DELETE_LOW_SELECTIVITY_PAPER_MEDIUM,Prepare,"0.00"
DELETE_LOW_SELECTIVITY_PAPER_MEDIUM,Query,"5.31"
DELETE_HIGH_SELECTIVIY_NON_ISSUED,Prepare,"0.00"
DELETE_HIGH_SELECTIVIY_NON_ISSUED,Query,"0.66"

"Evaluation Details for MongoDB, Version 3.0.6, Test Series TINY"
QueryScenario,Phase,First time,Average time,Min time,Max time
Set up,,"4.63"
Load,,"634.28"
ENTITY_RETRIEVAL_BY_ID_ONE_ENTITY,Prepare,"18.56"
ENTITY_RETRIEVAL_BY_ID_ONE_ENTITY,Query,"3.89","1.77","0.79","3.89"
ENTITY_RETRIEVAL_BY_ID_TEN_ENTITIES,Prepare,"6.71"
ENTITY_RETRIEVAL_BY_ID_TEN_ENTITIES,Query,"5.73","5.72","5.73","5.79"
ENTITY_RETRIEVAL_BY_ID_100_ENTITIES,Prepare,"8.40"
ENTITY_RETRIEVAL_BY_ID_100_ENTITIES,Query,"57.92","54.01","52.36","57.92"
AGGREGATE_PUBLICATIONS_PER_PUBLISHER_TOP10,Prepare,"0.00"
AGGREGATE_PUBLICATIONS_PER_PUBLISHER_TOP10,Query,"13.25","5.41","1.67","13.25"
AGGREGATE_PUBLICATIONS_PER_PUBLISHER_TOP100,Prepare,"0.00"
AGGREGATE_PUBLICATIONS_PER_PUBLISHER_TOP100,Query,"2.07","1.73","1.56","2.07"
AGGREGATE_PUBLICATIONS_PER_PUBLISHER_ALL,Prepare,"0.00"
AGGREGATE_PUBLICATIONS_PER_PUBLISHER_ALL,Query,"1.88","1.60","1.40","1.88"
AGGREGATE_ISSUES_PER_DECADE_TOP10,Prepare,"0.00"
AGGREGATE_ISSUES_PER_DECADE_TOP10,Query,"2.36","2.01","2.01","2.36"
AGGREGATE_ISSUES_PER_DECADE_TOP100,Prepare,"0.00"
AGGREGATE_ISSUES_PER_DECADE_TOP100,Query,"2.10","1.94","1.99","2.10"
AGGREGATE_ISSUES_PER_DECADE_ALL,Prepare,"0.00"
AGGREGATE_ISSUES_PER_DECADE_ALL,Query,"1.90","1.70","1.62","1.90"
CONDITIONAL_TABLE_SCAN_ALL_STUDIES,Prepare,"0.00"
CONDITIONAL_TABLE_SCAN_ALL_STUDIES,Query,"3.63","3.73","2.93","3.63"
CONDITIONAL_TABLE_SCAN_ALL_BIBLIOGRAPHIC_RESOURCES,Prepare,"0.00"
CONDITIONAL_TABLE_SCAN_ALL_BIBLIOGRAPHIC_RESOURCES,Query,"14.90","11.93","10.67","14.90"
CONDITIONAL_TABLE_SCAN_ALL_BIBLIOGRAPHIC_RESOURCES_AND_STUDIES,Prepare,"0.00"
CONDITIONAL_TABLE_SCAN_ALL_BIBLIOGRAPHIC_RESOURCES_AND_STUDIES,Query,"3.48","3.24","3.14","3.48"
GRAPH_LIKE_RELATED_BY_DCTERMS_SUBJECTS_1HOP_ONE_ENTITY,Prepare,"0.81"
GRAPH_LIKE_RELATED_BY_DCTERMS_SUBJECTS_1HOP_ONE_ENTITY,Query,"3.75","2.72","2.24","3.75"
GRAPH_LIKE_RELATED_BY_DCTERMS_SUBJECTS_1HOP_10_ENTITIES,Prepare,"1.37"
GRAPH_LIKE_RELATED_BY_DCTERMS_SUBJECTS_1HOP_10_ENTITIES,Query,"20.78","19.74","19.94","20.78"
GRAPH_LIKE_RELATED_BY_DCTERMS_SUBJECTS_1HOP_100_ENTITIES,Prepare,"1.38"
GRAPH_LIKE_RELATED_BY_DCTERMS_SUBJECTS_1HOP_100_ENTITIES,Query,"17.77","17.57","17.22","17.77"
SCHEMA_CHANGE_INTRODUCE_NEW_PROPERTY,Prepare,"0.00"
SCHEMA_CHANGE_INTRODUCE_NEW_PROPERTY,Query,"9.70"
SCHEMA_CHANGE_INTRODUCE_STRING_OP,Prepare,"0.00"
SCHEMA_CHANGE_INTRODUCE_STRING_OP,Query,"192.58"
SCHEMA_CHANGE_MIGRATE_RDF_TYPE,Prepare,"0.00"
SCHEMA_CHANGE_MIGRATE_RDF_TYPE,Query,"16.61"
SCHEMA_CHANGE_REMOVE_RDF_TYPE,Prepare,"0.00"
SCHEMA_CHANGE_REMOVE_RDF_TYPE,Query,"3.42"
UPDATE_LOW_SELECTIVITY_PAPER_MEDIUM,Prepare,"0.00"
UPDATE_LOW_SELECTIVITY_PAPER_MEDIUM,Query,"3.34"
UPDATE_HIGH_SELECTIVITY_NON_ISSUED,Prepare,"0.00"
UPDATE_HIGH_SELECTIVITY_NON_ISSUED,Query,"0.62"
DELETE_LOW_SELECTIVITY_PAPER_MEDIUM,Prepare,"0.00"
DELETE_LOW_SELECTIVITY_PAPER_MEDIUM,Query,"6.96"
DELETE_HIGH_SELECTIVIY_NON_ISSUED,Prepare,"0.00"
DELETE_HIGH_SELECTIVIY_NON_ISSUED,Query,"0.32"

"Evaluation Details for Virtuoso, Version 07.20.3214 / Virtuoso JDBC 4.1, Test Series TINY"
QueryScenario,Phase,First time,Average time,Min time,Max time
Set up,,"1.08"
Load,,"120.36"
ENTITY_RETRIEVAL_BY_ID_ONE_ENTITY,Prepare,"172.37"
ENTITY_RETRIEVAL_BY_ID_ONE_ENTITY,Query,"8.09","6.88","6.62","8.09"
ENTITY_RETRIEVAL_BY_ID_TEN_ENTITIES,Prepare,"12.79"
ENTITY_RETRIEVAL_BY_ID_TEN_ENTITIES,Query,"236.19","236.84","236.19","239.43"
ENTITY_RETRIEVAL_BY_ID_100_ENTITIES,Prepare,"25.06"
ENTITY_RETRIEVAL_BY_ID_100_ENTITIES,Query,"764.02","786.02","764.02","793.14"
AGGREGATE_PUBLICATIONS_PER_PUBLISHER_TOP10,Prepare,"1.37"
AGGREGATE_PUBLICATIONS_PER_PUBLISHER_TOP10,Query,"0.67","0.51","0.42","0.67"
AGGREGATE_PUBLICATIONS_PER_PUBLISHER_TOP100,Prepare,"1.13"
AGGREGATE_PUBLICATIONS_PER_PUBLISHER_TOP100,Query,"0.55","0.58","0.55","0.62"
AGGREGATE_PUBLICATIONS_PER_PUBLISHER_ALL,Prepare,"1.11"
AGGREGATE_PUBLICATIONS_PER_PUBLISHER_ALL,Query,"0.63","0.67","0.63","0.81"
AGGREGATE_ISSUES_PER_DECADE_TOP10,Prepare,"1.27"
AGGREGATE_ISSUES_PER_DECADE_TOP10,Query,"2.85","2.79","2.70","2.85"
AGGREGATE_ISSUES_PER_DECADE_TOP100,Prepare,"1.35"
AGGREGATE_ISSUES_PER_DECADE_TOP100,Query,"2.98","2.83","2.73","2.98"
AGGREGATE_ISSUES_PER_DECADE_ALL,Prepare,"1.18"
AGGREGATE_ISSUES_PER_DECADE_ALL,Query,"2.98","3.31","2.98","3.71"
CONDITIONAL_TABLE_SCAN_ALL_STUDIES,Prepare,"7.04"
CONDITIONAL_TABLE_SCAN_ALL_STUDIES,Query,"237.91","227.69","223.84","237.91"
CONDITIONAL_TABLE_SCAN_ALL_BIBLIOGRAPHIC_RESOURCES,Prepare,"7.02"
CONDITIONAL_TABLE_SCAN_ALL_BIBLIOGRAPHIC_RESOURCES,Query,"2079.13","2371.48","2079.13","2467.11"
CONDITIONAL_TABLE_SCAN_ALL_BIBLIOGRAPHIC_RESOURCES_AND_STUDIES,Prepare,"7.33"
CONDITIONAL_TABLE_SCAN_ALL_BIBLIOGRAPHIC_RESOURCES_AND_STUDIES,Query,"216.04","231.32","216.04","239.07"
GRAPH_LIKE_RELATED_BY_DCTERMS_SUBJECTS_1HOP_ONE_ENTITY,Prepare,"6.26"
GRAPH_LIKE_RELATED_BY_DCTERMS_SUBJECTS_1HOP_ONE_ENTITY,Query,"0.25","0.22","0.18","0.25"
GRAPH_LIKE_RELATED_BY_DCTERMS_SUBJECTS_1HOP_10_ENTITIES,Prepare,"4.46"
GRAPH_LIKE_RELATED_BY_DCTERMS_SUBJECTS_1HOP_10_ENTITIES,Query,"0.17","0.18","0.17","0.19"
GRAPH_LIKE_RELATED_BY_DCTERMS_SUBJECTS_1HOP_100_ENTITIES,Prepare,"0.67"
GRAPH_LIKE_RELATED_BY_DCTERMS_SUBJECTS_1HOP_100_ENTITIES,Query,"0.19","0.19","0.18","0.19"
SCHEMA_CHANGE_INTRODUCE_NEW_PROPERTY,Prepare,"1.16"
SCHEMA_CHANGE_INTRODUCE_NEW_PROPERTY,Query,"176.44"
SCHEMA_CHANGE_INTRODUCE_STRING_OP,Prepare,"1.65"
SCHEMA_CHANGE_INTRODUCE_STRING_OP,Query,"1.96"
SCHEMA_CHANGE_MIGRATE_RDF_TYPE,Prepare,"82.88"
SCHEMA_CHANGE_MIGRATE_RDF_TYPE,Query,"888.77"
SCHEMA_CHANGE_REMOVE_RDF_TYPE,Prepare,"1.49"
SCHEMA_CHANGE_REMOVE_RDF_TYPE,Query,"0.19"
UPDATE_LOW_SELECTIVITY_PAPER_MEDIUM,Prepare,"1.36"
UPDATE_LOW_SELECTIVITY_PAPER_MEDIUM,Query,"26.65"
UPDATE_HIGH_SELECTIVITY_NON_ISSUED,Prepare,"2.34"
UPDATE_HIGH_SELECTIVITY_NON_ISSUED,Query,"3.29"
DELETE_LOW_SELECTIVITY_PAPER_MEDIUM,Prepare,"1.64"
DELETE_LOW_SELECTIVITY_PAPER_MEDIUM,Query,"458.68"
DELETE_HIGH_SELECTIVIY_NON_ISSUED,Prepare,"21.94"
DELETE_HIGH_SELECTIVIY_NON_ISSUED,Query,"1.17"

"Evaluation Details for Fuseki, Version 2.3.0 2015-07-25T17:11:28+0000 / jena-libs 2.13.0, Test Series TINY"
QueryScenario,Phase,First time,Average time,Min time,Max time
Set up,,"0.00"
Load,,"971.71"
ENTITY_RETRIEVAL_BY_ID_ONE_ENTITY,Prepare,"216.21"
ENTITY_RETRIEVAL_BY_ID_ONE_ENTITY,Query,"65.10","33.65","17.48","65.10"
ENTITY_RETRIEVAL_BY_ID_TEN_ENTITIES,Prepare,"75.56"
ENTITY_RETRIEVAL_BY_ID_TEN_ENTITIES,Query,"44.84","37.33","34.74","44.84"
ENTITY_RETRIEVAL_BY_ID_100_ENTITIES,Prepare,"141.25"
ENTITY_RETRIEVAL_BY_ID_100_ENTITIES,Query,"162.75","135.20","125.37","162.75"
AGGREGATE_PUBLICATIONS_PER_PUBLISHER_TOP10,Prepare,"0.39"
AGGREGATE_PUBLICATIONS_PER_PUBLISHER_TOP10,Query,"41.38","23.15","11.00","41.38"
AGGREGATE_PUBLICATIONS_PER_PUBLISHER_TOP100,Prepare,"0.69"
AGGREGATE_PUBLICATIONS_PER_PUBLISHER_TOP100,Query,"15.20","14.07","11.22","15.20"
AGGREGATE_PUBLICATIONS_PER_PUBLISHER_ALL,Prepare,"0.43"
AGGREGATE_PUBLICATIONS_PER_PUBLISHER_ALL,Query,"18.76","16.23","13.58","18.76"
AGGREGATE_ISSUES_PER_DECADE_TOP10,Prepare,"0.44"
AGGREGATE_ISSUES_PER_DECADE_TOP10,Query,"38.95","23.43","17.48","38.95"
AGGREGATE_ISSUES_PER_DECADE_TOP100,Prepare,"0.39"
AGGREGATE_ISSUES_PER_DECADE_TOP100,Query,"14.70","13.70","13.86","14.70"
AGGREGATE_ISSUES_PER_DECADE_ALL,Prepare,"0.29"
AGGREGATE_ISSUES_PER_DECADE_ALL,Query,"7.80","10.48","7.80","12.48"
CONDITIONAL_TABLE_SCAN_ALL_STUDIES,Prepare,"0.41"
CONDITIONAL_TABLE_SCAN_ALL_STUDIES,Query,"148.80","136.03","128.50","148.80"
CONDITIONAL_TABLE_SCAN_ALL_BIBLIOGRAPHIC_RESOURCES,Prepare,"0.49"
CONDITIONAL_TABLE_SCAN_ALL_BIBLIOGRAPHIC_RESOURCES,Query,"850.35","855.27","850.35","861.51"
CONDITIONAL_TABLE_SCAN_ALL_BIBLIOGRAPHIC_RESOURCES_AND_STUDIES,Prepare,"0.69"
CONDITIONAL_TABLE_SCAN_ALL_BIBLIOGRAPHIC_RESOURCES_AND_STUDIES,Query,"359.10","301.07","257.75","359.10"
GRAPH_LIKE_RELATED_BY_DCTERMS_SUBJECTS_1HOP_ONE_ENTITY,Prepare,"13.28"
GRAPH_LIKE_RELATED_BY_DCTERMS_SUBJECTS_1HOP_ONE_ENTITY,Query,"10.49","9.18","10.27","10.49"
GRAPH_LIKE_RELATED_BY_DCTERMS_SUBJECTS_1HOP_10_ENTITIES,Prepare,"11.72"
GRAPH_LIKE_RELATED_BY_DCTERMS_SUBJECTS_1HOP_10_ENTITIES,Query,"12.40","10.77","8.90","12.40"
GRAPH_LIKE_RELATED_BY_DCTERMS_SUBJECTS_1HOP_100_ENTITIES,Prepare,"9.81"
GRAPH_LIKE_RELATED_BY_DCTERMS_SUBJECTS_1HOP_100_ENTITIES,Query,"6.04","6.54","6.04","6.71"
SCHEMA_CHANGE_INTRODUCE_NEW_PROPERTY,Prepare,"2.54"
SCHEMA_CHANGE_INTRODUCE_NEW_PROPERTY,Query,"189.83"
SCHEMA_CHANGE_INTRODUCE_STRING_OP,Prepare,"1.31"
SCHEMA_CHANGE_INTRODUCE_STRING_OP,Query,"8.69"
SCHEMA_CHANGE_MIGRATE_RDF_TYPE,Prepare,"2.82"
SCHEMA_CHANGE_MIGRATE_RDF_TYPE,Query,"394.62"
SCHEMA_CHANGE_REMOVE_RDF_TYPE,Prepare,"0.92"
SCHEMA_CHANGE_REMOVE_RDF_TYPE,Query,"4.21"
UPDATE_LOW_SELECTIVITY_PAPER_MEDIUM,Prepare,"0.68"
UPDATE_LOW_SELECTIVITY_PAPER_MEDIUM,Query,"38.77"
UPDATE_HIGH_SELECTIVITY_NON_ISSUED,Prepare,"18.51"
UPDATE_HIGH_SELECTIVITY_NON_ISSUED,Query,"90.50"
DELETE_LOW_SELECTIVITY_PAPER_MEDIUM,Prepare,"0.85"
DELETE_LOW_SELECTIVITY_PAPER_MEDIUM,Query,"5.41"
DELETE_HIGH_SELECTIVIY_NON_ISSUED,Prepare,"0.81"
DELETE_HIGH_SELECTIVIY_NON_ISSUED,Query,"4.75"

Verify Results
QueryScenario,"sqlite4java","SQLite-Xerial","PostgreSQL","ArangoDB","MongoDB","Virtuoso","Fuseki"
ENTITY_RETRIEVAL_BY_ID_ONE_ENTITY,"1291335309","1291335309","696172438","1291335309","1291335309","-1669804462","543801534"
ENTITY_RETRIEVAL_BY_ID_TEN_ENTITIES,"894969114","894969114","1931942411","-2146674226","-2146674226","-1867873114","-679061818"
ENTITY_RETRIEVAL_BY_ID_100_ENTITIES,"-944038863","-944038863","-237656551","1495646040","-790618035","704772201","1337378817"
AGGREGATE_PUBLICATIONS_PER_PUBLISHER_TOP10,"-583528932","-583528932","124139519","1694017191","-583528932","-583528932","-583528932"
AGGREGATE_PUBLICATIONS_PER_PUBLISHER_TOP100,"331781894","331781894","-1835067710","460024787","-1726131793","-1726131793","-1726131793"
AGGREGATE_PUBLICATIONS_PER_PUBLISHER_ALL,"331781894","331781894","-1835067710","460024787","-1726131793","-1726131793","-1726131793"
AGGREGATE_ISSUES_PER_DECADE_TOP10,"885971142","885971142","885971142","885971142","885971142","885971142","885971142"
AGGREGATE_ISSUES_PER_DECADE_TOP100,"1673687082","1673687082","1673687082","-1419295611","-1353318678","-1353318678","-1353318678"
AGGREGATE_ISSUES_PER_DECADE_ALL,"1673687082","1673687082","1673687082","-1419295611","-1353318678","-1353318678","-1353318678"
CONDITIONAL_TABLE_SCAN_ALL_STUDIES,"-1583568449","-1583568449","-466729887","-1848843333","-1583568449","-2016518976","2090037817"
CONDITIONAL_TABLE_SCAN_ALL_BIBLIOGRAPHIC_RESOURCES,"886395747","886395747","1599237693","1118524369","277492019","-1085916089","-1500397730"
CONDITIONAL_TABLE_SCAN_ALL_BIBLIOGRAPHIC_RESOURCES_AND_STUDIES,"263637080","263637080","-1980546440","1994626286","263637080","-905046715","-579556442"
GRAPH_LIKE_RELATED_BY_DCTERMS_SUBJECTS_1HOP_ONE_ENTITY,"179249547","179249547","179249547","179249547","179249547","179249547","179249547"
GRAPH_LIKE_RELATED_BY_DCTERMS_SUBJECTS_1HOP_10_ENTITIES,"179249547","179249547","179249547","179249547","179249547","179249547","179249547"
GRAPH_LIKE_RELATED_BY_DCTERMS_SUBJECTS_1HOP_100_ENTITIES,"179249547","179249547","179249547","179249547","179249547","179249547","179249547"
SCHEMA_CHANGE_INTRODUCE_NEW_PROPERTY,"1799785752","1799785752","1799785752","1799785752","1799785752","1799785752","1799785752"
SCHEMA_CHANGE_INTRODUCE_STRING_OP,"1799785752","1799785752","1799785752","1799785752","1799785752","1799785752","1799785752"
SCHEMA_CHANGE_MIGRATE_RDF_TYPE,"1799785752","1799785752","1799785752","1799785752","1799785752","1799785752","1799785752"
SCHEMA_CHANGE_REMOVE_RDF_TYPE,"1799785752","1799785752","1799785752","1799785752","1799785752","1799785752","1799785752"
UPDATE_LOW_SELECTIVITY_PAPER_MEDIUM,"1799785752","1799785752","1799785752","1799785752","1799785752","1799785752","1799785752"
UPDATE_HIGH_SELECTIVITY_NON_ISSUED,"1799785752","1799785752","1799785752","1799785752","1799785752","1799785752","1799785752"
DELETE_LOW_SELECTIVITY_PAPER_MEDIUM,"1799785752","1799785752","1799785752","1799785752","1799785752","1799785752","1799785752"
DELETE_HIGH_SELECTIVIY_NON_ISSUED,"1799785752","1799785752","1799785752","1799785752","1799785752","1799785752","1799785752"

